key,act,section,title,offence_cluster,consequence_class,successor,predecessor,text_excerpt,generated_verified,verified_ok,official_source,notes
IPC 302,IPC,302,murder,murder,custodial,BNS 103,,"Whoever commits murder shall be punished with death, or imprisonment for life, and shall also be liable to fine.",False,yes,https://devgan.in/ipc/section/302/ ; BNS commencement: MHA Notification S.O. 850(E) dated 23-Feb-2024 (effective 1-Jul-2024),"IPC 302 and BNS 103 texts verified via devgan.in (faithful reproduction of official gazette text). Both texts confirmed accurate. Successor/predecessor mapping: IPC 302->BNS 103 supported by BNS s.358 repeal provision and multiple official-source cross-references. IPC in force 1862-01-01 to 2024-07-01 (exclusive); BNS from 2024-07-01 confirmed by MHA S.O. 850(E). LIMITATION: India Code portal (indiacode.nic.in) was inaccessible during this pass; devgan.in used as reproducing-official-text secondary source. Minor wording difference in BNS 103 ('death or' vs IPC 302 'death, or') is present in official text."
BNS 103,BNS,103,murder,murder,custodial,,IPC 302,"Whoever commits murder shall be punished with death or imprisonment for life, and shall also be liable to fine.",False,yes,https://devgan.in/bns/section/103/ ; MHA Notification S.O. 850(E) 23-Feb-2024,"BNS 103 text confirmed via devgan.in. Predecessor IPC 302 mapping supported by BNS s.358  repeal/savings and published official comparative tables. Text excerpt accurately reflects the official BNS text (minor comma difference from IPC noted). in_force_from 2024-07-01 confirmed. LIMITATION: India Code portal inaccessible; secondary source (devgan.in) used."
IPC 304,IPC,304,culpable homicide not amounting to murder,culpable_homicide,custodial,BNS 105,,"Whoever commits culpable homicide not amounting to murder shall be punished with imprisonment for life, or imprisonment of either description for a term which may extend to ten years, and shall also be liable to fine.",False,yes,https://devgan.in/ipc/section/304/ ; https://devgan.in/bns/section/105/,"IPC 304 and BNS 105 section titles and punishment texts verified. Both text excerpts confirmed accurate. IPC 304->BNS 105 mapping well-established. Texts are identical across both eras. LIMITATION: India Code portal inaccessible; devgan.in used as secondary source."
BNS 105,BNS,105,culpable homicide not amounting to murder,culpable_homicide,custodial,,IPC 304,"Whoever commits culpable homicide not amounting to murder shall be punished with imprisonment for life, or imprisonment of either description for a term which may extend to ten years, and shall also be liable to fine.",False,yes,https://devgan.in/bns/section/105/ ; MHA Notification S.O. 850(E) 23-Feb-2024,"BNS 105 text confirmed. Predecessor IPC 304 mapping supported. Punishment text identical to IPC 304 excerpt — accurate representation. LIMITATION: India Code portal inaccessible."
IPC 379,IPC,379,theft (punishment),theft,both,BNS 303(2),,"Whoever commits theft shall be punished with imprisonment of either description for a term which may extend to three years, or with fine, or with both.",False,yes,https://devgan.in/ipc/section/379/ ; https://devgan.in/bns/section/303/,"IPC 379 text confirmed. BNS 303(2) confirmed as punishment for theft (general): 'Whoever commits theft shall be punished with imprisonment of either description for a term which may extend to three years, or with fine, or with both.' Text excerpt accurate. Successor mapping IPC 379->BNS 303(2) confirmed via multiple sources. LIMITATION: India Code portal inaccessible."
BNS 303(2),BNS,303(2),theft (punishment),theft,both,,IPC 379,"Whoever commits theft shall be punished with imprisonment of either description for a term which may extend to three years, or with fine, or with both.",False,yes,https://devgan.in/bns/section/303/ ; MHA Notification S.O. 850(E) 23-Feb-2024,"BNS 303(2) punishment text verified via multiple sources (devgan.in, ipleaders.in, drishtijudiciary.com). Text excerpt is the basic punishment formula from 303(2). Predecessor IPC 379 confirmed. NOTE: BNS 303(2) also has additional clauses for subsequent convictions and community service not present in IPC 379; the excerpted base-punishment text is accurate. LIMITATION: India Code portal inaccessible."
IPC 420,IPC,420,cheating and dishonestly inducing delivery of property,cheating,custodial,BNS 318(4),,"Whoever cheats and thereby dishonestly induces the person deceived to deliver any property to any person shall be punished with imprisonment of either description for a term which may extend to seven years, and shall also be liable to fine.",False,yes,https://devgan.in/ipc/section/420/ ; https://devgan.in/bns/section/318/,"IPC 420 text verified. BNS 318(4) confirmed as the successor provision for 'cheating and dishonestly inducing delivery of property' with punishment up to 7 years and fine — matching the excerpt. IPC 420->BNS 318(4) mapping is the standard published mapping (e.g., vakeelsaab.com, drishtijudiciary.com). Text excerpt accurate. LIMITATION: India Code portal inaccessible."
BNS 318(4),BNS,318(4),cheating and dishonestly inducing delivery of property,cheating,custodial,,IPC 420,"Whoever cheats and thereby dishonestly induces the person deceived to deliver any property to any person shall be punished with imprisonment of either description for a term which may extend to seven years, and shall also be liable to fine.",False,yes,https://devgan.in/bns/section/318/ ; MHA Notification S.O. 850(E) 23-Feb-2024,"BNS 318(4) confirmed via multiple sources: punishment for cheating that induces delivery of property = up to 7 years + fine. Text excerpt accurately represents 318(4). Predecessor IPC 420 mapping confirmed. LIMITATION: India Code portal inaccessible."
IPC 406,IPC,406,criminal breach of trust (punishment),criminal_breach_of_trust,custodial,BNS 316(2),,"Whoever commits criminal breach of trust shall be punished with imprisonment of either description for a term which may extend to three years, or with fine, or with both.",False,yes,https://devgan.in/ipc/section/406/ ; https://devgan.in/bns/section/316/,"IPC 406 text (3 years) verified. BNS 316(2) confirmed as general CBT punishment: 'imprisonment...up to five years, or fine, or both.' Successor mapping IPC 406->BNS 316(2) confirmed. The difference in maximum term (3 years IPC vs 5 years BNS) is accurate and noted. LIMITATION: India Code portal inaccessible."
BNS 316(2),BNS,316(2),criminal breach of trust (punishment),criminal_breach_of_trust,custodial,,IPC 406,"Whoever commits criminal breach of trust shall be punished with imprisonment of either description for a term which may extend to five years, or with fine, or with both.",False,yes,https://devgan.in/bns/section/316/ ; MHA Notification S.O. 850(E) 23-Feb-2024,"BNS 316(2) confirmed: general CBT punishment = up to 5 years + fine (per devgan.in and multiple legal sources). Text excerpt uses 'five years' matching BNS 316(2). Predecessor IPC 406 confirmed. The text excerpt correctly reflects the BNS increase from 3 to 5 years. LIMITATION: India Code portal inaccessible."
IPC 307,IPC,307,attempt to murder,attempt_to_murder,custodial,BNS 109,,"Whoever does any act with such intention or knowledge, and under such circumstances that, if he by that act caused death, he would be guilty of murder, shall be punished with imprisonment of either description for a term which may extend to ten years, and shall also be liable to fine.",False,yes,https://devgan.in/ipc/section/307/ ; https://devgan.in/bns/section/109/,"IPC 307 base text verified. BNS 109 confirmed as successor for attempt to murder. Text excerpt covers the base punishment; BNS 109 additionally includes provisions for enhanced punishment if hurt is caused — not misrepresented by the excerpted base clause. LIMITATION: India Code portal inaccessible."
BNS 109,BNS,109,attempt to murder,attempt_to_murder,custodial,,IPC 307,"Whoever does any act with such intention or knowledge, and under such circumstances that, if he by that act caused death, he would be guilty of murder, shall be punished with imprisonment of either description for a term which may extend to ten years, and shall also be liable to fine.",False,yes,https://devgan.in/bns/section/109/ ; MHA Notification S.O. 850(E) 23-Feb-2024,"BNS 109 text verified. The excerpted text matches the base clause of BNS 109 (IPC 307 equivalent). Predecessor IPC 307 confirmed. BNS 109 has additional clauses for enhanced punishment when hurt results — the excerpt covers only the base clause, which is accurate. LIMITATION: India Code portal inaccessible."
IPC 498A,IPC,498A,cruelty by husband or his relatives,cruelty_by_husband,custodial,BNS 85,,"Whoever, being the husband or the relative of the husband of a woman, subjects such woman to cruelty shall be punished with imprisonment for a term which may extend to three years and shall also be liable to fine.",False,yes,https://devgan.in/ipc/section/498A/ ; https://devgan.in/bns/section/85/,"IPC 498A text confirmed. BNS 85 confirmed as successor (multiple sources: indiankanoon.org, humanrightscouncil.in). Text excerpts match official text. Punishment 3 years unchanged across both eras. LIMITATION: India Code portal inaccessible."
BNS 85,BNS,85,cruelty by husband or his relatives,cruelty_by_husband,custodial,,IPC 498A,"Whoever, being the husband or the relative of the husband of a woman, subjects such woman to cruelty shall be punished with imprisonment for a term which may extend to three years and shall also be liable to fine.",False,yes,https://devgan.in/bns/section/85/ ; MHA Notification S.O. 850(E) 23-Feb-2024,"BNS 85 confirmed as direct successor of IPC 498A. Text identical to IPC 498A for the punishment clause. Predecessor IPC 498A confirmed. LIMITATION: India Code portal inaccessible."
IPC 506,IPC,506,criminal intimidation,criminal_intimidation,custodial,BNS 351(2),,"Whoever commits the offence of criminal intimidation shall be punished with imprisonment of either description for a term which may extend to two years, or with fine, or with both.",False,yes,https://devgan.in/ipc/section/506/ ; https://devgan.in/bns/section/351/ (s. 351(2)),"IPC 506 general punishment text verified. BNS 351(2) confirmed as the subsection carrying the equivalent general punishment clause: 'Whoever commits the offence of criminal intimidation shall be punished with imprisonment...up to two years, or fine, or both.' Text excerpt matches BNS 351(2) precisely. Mapping IPC 506->BNS 351(2) is supported for the punishment-clause component. SUBSECTION NOTE: IPC 506 was a single section combining both definition (now BNS 351(1)) and punishments (now BNS 351(2)-(4)). The table maps the entire IPC 506 to BNS 351(2) which represents the basic punishment sub-clause. This is the standard published mapping and is consistent with the crosswalk. EARLIER FLAG RESOLVED: PHASE-C.md noted a concern that the official Schedule places criminal intimidation at BNS 351(4)-(5); this concerned different numbering schemes or an earlier draft. The confirmed BNS structure has 4 sub-sections (351(1) definition, 351(2) general punishment, 351(3) aggravated punishment, 351(4) anonymous communication). BNS 351(2) correctly captures the IPC 506 general punishment equivalent."
BNS 351(2),BNS,351(2),criminal intimidation,criminal_intimidation,custodial,,IPC 506,"Whoever commits the offence of criminal intimidation shall be punished with imprisonment of either description for a term which may extend to two years, or with fine, or with both.",False,yes,https://devgan.in/bns/section/351/ ; MHA Notification S.O. 850(E) 23-Feb-2024,"BNS 351(2) confirmed: punishment for general criminal intimidation = up to 2 years or fine or both. Text excerpt exact match. Predecessor IPC 506 confirmed. LIMITATION: India Code portal inaccessible."
IPC 341,IPC,341,wrongful restraint (punishment),wrongful_restraint,both,BNS 126(2),,"Whoever wrongfully restrains any person shall be punished with simple imprisonment for a term which may extend to one month, or with fine which may extend to five hundred rupees, or with both.",False,yes,https://devgan.in/ipc/section/341/ ; https://devgan.in/bns/section/126/,"IPC 341 text confirmed (1 month, fine up to Rs 500). BNS 126(2) confirmed: punishment = simple imprisonment up to 1 month OR fine up to Rs 5000 or both. Note: IPC 341 has fine limit of Rs 500; BNS 126(2) increases fine limit to Rs 5000. Table text excerpt shows IPC 341 fine as Rs 500 — accurate. Successor mapping confirmed. LIMITATION: India Code portal inaccessible."
BNS 126(2),BNS,126(2),wrongful restraint (punishment),wrongful_restraint,both,,IPC 341,"Whoever wrongfully restrains any person shall be punished with simple imprisonment for a term which may extend to one month, or with fine which may extend to five thousand rupees, or with both.",False,yes,https://devgan.in/bns/section/126/ ; MHA Notification S.O. 850(E) 23-Feb-2024,"BNS 126(2) punishment confirmed: simple imprisonment up to 1 month OR fine up to Rs 5000 or both. Table correctly shows Rs 5000 (increased from IPC 341's Rs 500). Predecessor IPC 341 confirmed. LIMITATION: India Code portal inaccessible."
IPC 380,IPC,380,theft in a dwelling house,theft_in_dwelling,custodial,BNS 305,,"Whoever commits theft in any building, tent or vessel, which building, tent or vessel is used as a human dwelling, or used for the custody of property, shall be punished with imprisonment of either description for a term which may extend to seven years, and shall also be liable to fine.",False,yes,https://devgan.in/ipc/section/380/ ; https://devgan.in/bns/section/305/,"IPC 380 text confirmed. BNS 305 confirmed as successor for theft in a dwelling house. Text excerpt verified — punishment up to 7 years and fine. Successor mapping IPC 380->BNS 305 confirmed via multiple sources. LIMITATION: India Code portal inaccessible."
BNS 305,BNS,305,theft in a dwelling house,theft_in_dwelling,custodial,,IPC 380,"Whoever commits theft in any building, tent or vessel, which building, tent or vessel is used as a human dwelling, or used for the custody of property, shall be punished with imprisonment of either description for a term which may extend to seven years, and shall also be liable to fine.",False,yes,https://devgan.in/bns/section/305/ ; MHA Notification S.O. 850(E) 23-Feb-2024,"BNS 305 text confirmed via multiple sources. Section covers theft in dwelling/building (and also places of worship and transportation per BNS expansion). The excerpt matches the IPC 380 equivalent text. Predecessor IPC 380 confirmed. LIMITATION: India Code portal inaccessible."
IPC 304B,IPC,304B,dowry death,cruelty_by_husband,custodial,BNS 80,,"Where the death of a woman is caused by burns or bodily injury, or occurs otherwise than under normal circumstances, within seven years of her marriage, and soon before her death she was subjected to cruelty or harassment for dowry, such death is called dowry death; her husband or his relative shall be punished with imprisonment for not less than seven years but which may extend to life.",False,yes,https://devgan.in/ipc/section/304B/ ; https://devgan.in/bns/section/80/,"IPC 304B text confirmed. BNS 80 confirmed as successor for dowry death (multiple sources: drishtijudiciary.com, indiankanoon.org). Text excerpt accurately represents both IPC 304B and BNS 80 (identical punishment formula). LIMITATION: India Code portal inaccessible."
BNS 80,BNS,80,dowry death,cruelty_by_husband,custodial,,IPC 304B,"Where the death of a woman is caused by burns or bodily injury, or occurs otherwise than under normal circumstances, within seven years of her marriage, and soon before her death she was subjected to cruelty or harassment for dowry, such death is called dowry death; her husband or his relative shall be punished with imprisonment for not less than seven years but which may extend to life.",False,yes,https://devgan.in/bns/section/80/ ; MHA Notification S.O. 850(E) 23-Feb-2024,"BNS 80 confirmed as direct successor of IPC 304B. Text excerpt matches official text. Predecessor IPC 304B confirmed. LIMITATION: India Code portal inaccessible."
IPC 504,IPC,504,intentional insult with intent to provoke breach of peace,criminal_intimidation,custodial,BNS 352,,"Whoever intentionally insults, and thereby gives provocation to any person, intending or knowing it to be likely that such provocation will cause him to break the public peace, or to commit any offence, shall be punished with imprisonment of either description for a term which may extend to two years, or with fine, or with both.",False,yes,https://devgan.in/ipc/section/504/ ; https://devgan.in/bns/section/352/,"IPC 504 text confirmed. BNS 352 confirmed as successor (multiple sources). Text excerpt verified — punishment up to 2 years or fine or both. Successor mapping IPC 504->BNS 352 confirmed. LIMITATION: India Code portal inaccessible."
BNS 352,BNS,352,intentional insult with intent to provoke breach of peace,criminal_intimidation,custodial,,IPC 504,"Whoever intentionally insults, and thereby gives provocation to any person, intending or knowing it to be likely that such provocation will cause him to break the public peace, or to commit any offence, shall be punished with imprisonment of either description for a term which may extend to two years, or with fine, or with both.",False,yes,https://devgan.in/bns/section/352/ ; MHA Notification S.O. 850(E) 23-Feb-2024,"BNS 352 text confirmed via devgan.in. Predecessor IPC 504 confirmed. Text excerpt matches official text. LIMITATION: India Code portal inaccessible."
IPC 342,IPC,342,wrongful confinement,wrongful_restraint,both,BNS 127,,"Whoever wrongfully confines any person shall be punished with imprisonment of either description for a term which may extend to one year, or with fine which may extend to one thousand rupees, or with both.",False,yes,https://devgan.in/ipc/section/342/ ; https://devgan.in/bns/section/127/,"IPC 342 text confirmed (1 year, fine up to Rs 1000). BNS 127 confirmed as the successor section consolidating wrongful confinement. Note: IPC 342->BNS 127 maps to BNS 127 general confinement subsection (punishment 1 year, fine up to Rs 5000 increased from Rs 1000). The table row maps to BNS 127 as a whole section (not a specific subsection), which is acceptable as the heading-level successor. LIMITATION: India Code portal inaccessible."
BNS 127,BNS,127,wrongful confinement,wrongful_restraint,both,,IPC 342,"Whoever wrongfully confines any person shall be punished with imprisonment of either description for a term which may extend to one year, or with fine which may extend to five thousand rupees, or with both. Subsections (3)-(8) punish aggravated forms of wrongful confinement.",False,yes,https://devgan.in/bns/section/127/ ; MHA Notification S.O. 850(E) 23-Feb-2024,"BNS 127 confirmed as consolidation of IPC 342-348 wrongful confinement offences. General confinement punishment text confirmed (1 year, Rs 5000 fine increased from Rs 1000). Text excerpt is accurate and the note about aggravated subsections is correct. Predecessor IPC 342 confirmed. LIMITATION: India Code portal inaccessible."
IPC 378,IPC,378,theft (definition),theft,definition,BNS 303(1),,"Whoever, intending to take dishonestly any movable property out of the possession of any person without that person's consent, moves that property in order to such taking, is said to commit theft.",False,yes,https://devgan.in/ipc/section/378/ ; https://devgan.in/bns/section/303/,"IPC 378 definition text confirmed. BNS 303(1) confirmed as the definition subsection of theft. Text excerpt matches official definition text. Successor mapping IPC 378->BNS 303(1) confirmed via multiple sources. LIMITATION: India Code portal inaccessible."
BNS 303(1),BNS,303(1),theft (definition),theft,definition,,IPC 378,"Whoever, intending to take dishonestly any movable property out of the possession of any person without that person's consent, moves that property in order to such taking, is said to commit theft.",False,yes,https://devgan.in/bns/section/303/ ; MHA Notification S.O. 850(E) 23-Feb-2024,"BNS 303(1) confirmed as the definition of theft (with multiple explanatory sub-clauses not excerpted). Text excerpt of the definition text confirmed accurate. Predecessor IPC 378 confirmed. LIMITATION: India Code portal inaccessible."
IPC 384,IPC,384,extortion (punishment),theft,custodial,BNS 308,,"Whoever commits extortion shall be punished with imprisonment of either description for a term which may extend to three years, or with fine, or with both.",False,yes,https://devgan.in/ipc/section/384/ ; https://devgan.in/bns/section/308/,"IPC 384 extortion punishment text confirmed (3 years or fine or both). BNS 308 confirmed as successor for extortion punishment. Note: BNS 308 punishment is up to 7 years PLUS fine (not 'or fine'), which is an increase from IPC 384. BNS excerpt in table correctly reflects this. Successor mapping IPC 384->BNS 308 confirmed via multiple sources. LIMITATION: India Code portal inaccessible."
BNS 308,BNS,308,extortion (punishment),theft,custodial,,IPC 384,"Whoever commits extortion shall be punished with imprisonment of either description for a term which may extend to seven years, and shall also be liable to fine.",False,yes,https://devgan.in/bns/section/308/ ; MHA Notification S.O. 850(E) 23-Feb-2024,"BNS 308 punishment confirmed: up to 7 years and also liable to fine (increased from IPC 384's 3 years or fine). Text excerpt accurate. Predecessor IPC 384 confirmed. LIMITATION: India Code portal inaccessible."
IPC 304A,IPC,304A,causing death by negligence,culpable_homicide,both,BNS 106(1),,"Whoever causes the death of any person by doing any rash or negligent act not amounting to culpable homicide shall be punished with imprisonment of either description for a term which may extend to two years, or with fine, or with both.",False,yes,https://devgan.in/ipc/section/304A/ ; https://devgan.in/bns/section/106/,"IPC 304A text confirmed (2 years or fine or both). BNS 106(1) confirmed as the general negligence successor: punishment up to 5 years and also liable to fine (increased from IPC 304A). COMMENCEMENT NOTE: BNS 106(2) (hit-and-run) was explicitly excluded from the MHA S.O. 850(E) commencement on 1-Jul-2024 and remains in abeyance. This does not affect 106(1). Text excerpt and successor mapping confirmed. LIMITATION: India Code portal inaccessible."
BNS 106(1),BNS,106(1),causing death by negligence,culpable_homicide,both,,IPC 304A,"Whoever causes death of a person by doing any rash or negligent act not amounting to culpable homicide shall be punished with imprisonment of either description for a term which may extend to five years, and shall also be liable to fine.",False,yes,https://devgan.in/bns/section/106/ ; MHA Notification S.O. 850(E) 23-Feb-2024,"BNS 106(1) confirmed: punishment up to 5 years and liable to fine (increased from IPC 304A's 2 years). Text excerpt confirmed accurate. NOTE: text_excerpt says 'causes death of a person' (BNS wording) vs IPC 304A 'causes the death of any person' — minor drafting difference, both confirmed. BNS 106(2) remains in abeyance. Predecessor IPC 304A confirmed. LIMITATION: India Code portal inaccessible."
IPC 405,IPC,405,criminal breach of trust (definition),criminal_breach_of_trust,definition,BNS 316(1),,"Whoever, being in any manner entrusted with property, or with any dominion over property, dishonestly misappropriates or converts to his own use that property, commits criminal breach of trust.",False,yes,https://devgan.in/ipc/section/405/ ; https://devgan.in/bns/section/316/,"IPC 405 definition text confirmed. BNS 316(1) confirmed as definional subsection for CBT (devgan.in page read). Definition (opening clause) text excerpt confirmed as accurately reflecting the core definition. Successor mapping IPC 405->BNS 316(1) confirmed. LIMITATION: India Code portal inaccessible."
BNS 316(1),BNS,316(1),criminal breach of trust (definition),criminal_breach_of_trust,definition,,IPC 405,"Whoever, being in any manner entrusted with property, or with any dominion over property, dishonestly misappropriates or converts to his own use that property, commits criminal breach of trust.",False,yes,https://devgan.in/bns/section/316/ ; MHA Notification S.O. 850(E) 23-Feb-2024,"BNS 316(1) definition confirmed via devgan.in page. The definition text in the excerpt matches the opening clause of BNS 316(1) (BNS 316(1) also includes additional conduct — using/disposing in violation of trust, and wilfully suffering others to do so — not in the excerpt, but the excerpted core statement is accurate). Predecessor IPC 405 confirmed. LIMITATION: India Code portal inaccessible."
IPC 409,IPC,409,criminal breach of trust by public servant; banker; merchant or agent,criminal_breach_of_trust,custodial,BNS 316(4),,"Whoever, being in any manner entrusted with property, in the way of his employment as a public servant, banker, merchant, factor, broker, attorney or agent, commits criminal breach of trust in respect of that property, shall be punished with imprisonment for life, or with imprisonment of either description for a term which may extend to ten years, and shall also be liable to fine.",False,no,https://devgan.in/bns/section/316/ ; https://www.indiacode.nic.in (inaccessible); multiple legal reference sources,"DISCREPANCY: Table maps IPC 409 -> BNS 316(4), but multiple reliable sources confirm IPC 409 corresponds to BNS 316(5) (public servant/banker/merchant/agent, life or 10 years), not BNS 316(4). BNS 316(4) corresponds to IPC 408 (clerk or servant, up to 7 years). BNS 316 structure per devgan.in and multiple sources: 316(1)=definition, 316(2)=general punishment (5 yrs), 316(3)=carrier/warehouse (7 yrs), 316(4)=clerk/servant (7 yrs), 316(5)=public servant/banker/merchant (life/10 yrs). The text_excerpt content (public servant/banker language and life/10-year punishment) actually corresponds to BNS 316(5). The section KEY and successor field are therefore wrong. NOT verified. IMPORTANT: The frozen crosswalk uses 'BNS 316(4)' and must not be changed. This is a catalogued discrepancy."
BNS 316(4),BNS,316(4),criminal breach of trust by public servant; banker; merchant or agent,criminal_breach_of_trust,custodial,,IPC 409,"Whoever, being in any manner entrusted with property, in the way of his employment as a public servant, banker, merchant, factor, broker, attorney or agent, commits criminal breach of trust in respect of that property, shall be punished with imprisonment for life, or with imprisonment of either description for a term which may extend to ten years, and shall also be liable to fine.",False,no,https://devgan.in/bns/section/316/ ; multiple legal reference sources,"DISCREPANCY: Per BNS 316 text, this text excerpt (public servant/banker, life/10 years) corresponds to BNS 316(5), not BNS 316(4). BNS 316(4) = clerk/servant provision (7 years). The table entry labelled 'BNS 316(4)' carries the IPC 409 equivalent text which belongs to BNS 316(5). Cannot verify as correct for the label 'BNS 316(4)'. Text and predecessor mapping content are internally consistent (both rows share the same labelling error). This is a flagged discrepancy. Do not manually edit the generated JSONL table."
IPC 306,IPC,306,abetment of suicide,cruelty_by_husband,custodial,BNS 108,,"If any person commits suicide, whoever abets the commission of such suicide shall be punished with imprisonment of either description for a term which may extend to ten years, and shall also be liable to fine.",False,yes,https://devgan.in/ipc/section/306/ ; https://devgan.in/bns/section/108/,"IPC 306 text confirmed. BNS 108 text confirmed (via indianemployees.com, ipleaders.in, devgan.in): identical punishment text 10 years. Successor mapping IPC 306->BNS 108 confirmed by multiple sources. Text excerpts accurate. LIMITATION: India Code portal inaccessible."
BNS 108,BNS,108,abetment of suicide,cruelty_by_husband,custodial,,IPC 306,"If any person commits suicide, whoever abets the commission of such suicide shall be punished with imprisonment of either description for a term which may extend to ten years, and shall also be liable to fine.",False,yes,https://devgan.in/bns/section/108/ ; MHA Notification S.O. 850(E) 23-Feb-2024,"BNS 108 confirmed: identical text to IPC 306 for this punishment clause. Predecessor IPC 306 confirmed. LIMITATION: India Code portal inaccessible."
IPC 417,IPC,417,cheating (punishment),cheating,custodial,BNS 318(2),,"Whoever cheats shall be punished with imprisonment of either description for a term which may extend to one year, or with fine, or with both.",False,yes,https://devgan.in/ipc/section/417/ ; https://devgan.in/bns/section/318/,"IPC 417 text confirmed (1 year or fine). BNS 318(2) confirmed as general cheating punishment: up to 3 years or fine or both (increased). Successor mapping IPC 417->BNS 318(2) confirmed via multiple sources. Text excerpts accurate for each era. LIMITATION: India Code portal inaccessible."
BNS 318(2),BNS,318(2),cheating (punishment),cheating,custodial,,IPC 417,"Whoever cheats shall be punished with imprisonment of either description for a term which may extend to three years, or with fine, or with both.",False,yes,https://devgan.in/bns/section/318/ ; MHA Notification S.O. 850(E) 23-Feb-2024,"BNS 318(2) confirmed: punishment for general cheating = up to 3 years or fine or both (increase from IPC 417's 1 year). Text excerpt accurate. Predecessor IPC 417 confirmed. LIMITATION: India Code portal inaccessible."
IPC 468,IPC,468,forgery for purpose of cheating,cheating,custodial,BNS 336,,"Whoever commits forgery, intending that the document forged shall be used for the purpose of cheating, shall be punished with imprisonment of either description for a term which may extend to seven years, and shall also be liable to fine.",False,no,https://devgan.in/ipc/section/468/ ; https://devgan.in/bns/section/336/,"PARTIAL MATCH / SUBSECTION CONCERN: IPC 468 text confirmed. The successor is listed as 'BNS 336' (the main forgery section), but the specific forgery-for-cheating provision is BNS 336(3) (confirmed via writinglaw.com, ramsnehimishra.in, alec.co.in). The text excerpt matches BNS 336(3) exactly. The row uses 'BNS 336' as the successor key rather than 'BNS 336(3)', which is a precision issue. However, since BNS 336 is the parent section the table chose to reference (not splitting to a sub-level), the mapping substance is correct. Marked 'no' because the subsection precision is incomplete — the frozen crosswalk uses 'BNS 336' which is the root section, so the mapping is consistent with the crosswalk design. The text content is accurate. LIMITATION: India Code portal inaccessible."
BNS 336,BNS,336,forgery for purpose of cheating,cheating,custodial,,IPC 468,"Whoever commits forgery, intending that the document forged shall be used for the purpose of cheating, shall be punished with imprisonment of either description for a term which may extend to seven years, and shall also be liable to fine.",False,no,https://devgan.in/bns/section/336/ ; multiple sources (writinglaw.com; ramsnehimishra.in),"SUBSECTION CONCERN: The row uses 'BNS 336' as a key but the text_excerpt matches BNS 336(3) specifically (forgery for cheating, 7 years). BNS 336 as a whole section covers definition (336(1)), general punishment 2 years (336(2)), forgery for cheating 7 years (336(3)), and forgery to harm reputation 3 years (336(4)). The excerpt is accurate for 336(3) content, but the row purports to represent all of BNS 336. Since the project convention is to reference the full section for extension-tier rows, the substance (IPC 468->BNS 336) is the correct and standard published mapping. Marked 'no' to flag the subsection precision gap; the mapping itself is not incorrect, but the granularity is ambiguous. LIMITATION: India Code portal inaccessible."
IPC 34,IPC,34,acts done by several persons in furtherance of common intention,criminal_intimidation,procedural,BNS 3(5),,"When a criminal act is done by several persons in furtherance of the common intention of all, each of such persons is liable for that act in the same manner as if it were done by him alone.",False,yes,https://devgan.in/ipc/section/34/ ; https://devgan.in/bns/section/3/ ; multiple sources confirm IPC 34 = BNS 3(5),"IPC 34 text confirmed. BNS 3(5) confirmed as the successor for common intention principle via multiple independent sources (search results, lawnotes.co, primelegal.in). Text excerpt matches both IPC 34 and BNS 3(5) text exactly. NOTE: devgan.in BNS section 3 page shows sub-section 7 as 'When a criminal act...' due to rendering issues mixing illustrations into the numbered list. Multiple authoritative legal sources (+2 independent search queries) consistently affirm BNS 3(5) = common intention = IPC 34 replacement. Mapping confirmed. LIMITATION: India Code portal inaccessible."
BNS 3(5),BNS,3(5),acts done by several persons in furtherance of common intention,criminal_intimidation,procedural,,IPC 34,"When a criminal act is done by several persons in furtherance of the common intention of all, each of such persons is liable for that act in the same manner as if it were done by him alone.",False,yes,https://devgan.in/bns/section/3/ ; multiple sources (lawnotes.co; primelegal.in; mha.gov.in),"BNS 3(5) confirmed as the common intention provision (IPC 34 replacement) by multiple sources. Text unchanged from IPC 34. Predecessor IPC 34 confirmed. LIMITATION: India Code portal inaccessible. Note on devgan.in rendering: the page mixes illustrations with sub-section numbers; the sub-section 5 content (property in spouse's possession) is a different provision; the 'common intention' text appears at position 7 in the devgan.in rendering but multiple authoritative external sources confirm BNS 3(5) = common intention."
IPC 344,IPC,344,wrongful confinement for ten or more days,wrongful_restraint,custodial,BNS 127(4),,"Whoever wrongfully confines any person for ten days, or more, shall be punished with imprisonment of either description for a term which may extend to three years, and shall also be liable to fine.",False,no,https://devgan.in/bns/section/127/ ; multiple sources,"SUBSECTION MAPPING DISCREPANCY: Multiple sources confirm that wrongful confinement for 10+ days in BNS 127 is the 4th punishment provision within the section. The specific sub-section numbering depends on whether BNS 127 sub-sections include the definition (sub-section 1) and each escalating tier separately. Per the search results, the structure is: 127(1)=definition, general confinement (punishment not explicitly sub-numbered in some sources), 3+ days, 10+ days, writ for liberation, etc. Some sources list 'confinement for 10+ days' as the 4th sub-section (127(4)), consistent with the table. However, there is ambiguity about whether the general punishment clause is separately numbered or where subsection counting begins. Text excerpt 'up to three years, fine' matches the IPC 344 text accurately. BNS 127(4) text_excerpt 'up to five years, fine not less than Rs 10,000' also confirmed. Marked 'no' due to subsection-number ambiguity in BNS 127. LIMITATION: India Code portal inaccessible; could not confirm exact sub-section numbering definitively."
BNS 127(4),BNS,127(4),wrongful confinement for ten or more days,wrongful_restraint,custodial,,IPC 344,"Whoever wrongfully confines any person for ten days or more shall be punished with imprisonment of either description for a term which may extend to five years, and shall also be liable to fine which shall not be less than ten thousand rupees.",False,no,https://devgan.in/bns/section/127/ ; multiple sources,"SUBSECTION UNCERTAINTY: The text content ('10 days or more, up to 5 years + fine not less than Rs 10,000') confirmed via multiple sources as existing in BNS 127. But the specific sub-section number '127(4)' for this provision has not been definitively confirmed against official text due to India Code portal inaccessibility. Sources describe the BNS 127 structure with multiple escalating tiers but do not consistently specify sub-section numbers. Marked 'no' pending official text confirmation. Predecessor IPC 344 confirmed."
IPC 345,IPC,345,wrongful confinement of person for whose liberation writ has been issued,wrongful_restraint,custodial,BNS 127(5),,"Whoever keeps any person in wrongful confinement, knowing that a writ for the liberation of that person has been duly issued, shall be punished with imprisonment of either description for a term which may extend to two years in addition to any term of imprisonment to which he may be liable under any other section of this Chapter.",False,no,https://devgan.in/bns/section/127/ ; multiple sources,"SUBSECTION UNCERTAINTY: The content of this provision (wrongful confinement after writ for liberation) confirmed as existing in BNS 127. The BNS text differs: 'two years in addition to any other term of imprisonment, and shall also be liable to fine.' (addition of fine liability, slight rewording). But the specific sub-section number '127(5)' for this provision has not been definitively confirmed against official text due to India Code portal inaccessibility. Marked 'no' pending official text confirmation. Text excerpt shows only the IPC 345 version text; BNS version has the additional fine clause. Predecessor mapping confirmed in substance."
BNS 127(5),BNS,127(5),wrongful confinement of person for whose liberation writ has been issued,wrongful_restraint,custodial,,IPC 345,"Whoever keeps any person in wrongful confinement, knowing that a writ for the liberation of that person has been duly issued, shall be punished with imprisonment of either description for a term which may extend to two years in addition to any other term of imprisonment, and shall also be liable to fine.",False,no,https://devgan.in/bns/section/127/ ; multiple sources,"SUBSECTION UNCERTAINTY: BNS 127 writ-liberation confinement provision text confirmed (2 years additional + fine). But the exact sub-section number '127(5)' not definitively confirmed. Marked 'no' pending official text check. The BNS text also differs from IPC 345 text slightly: BNS adds 'and shall also be liable to fine' — the table correctly reflects this difference. Predecessor IPC 345 confirmed in substance."
